subject,modality,phase,MD_mean,ND_baseline,delta
T001,Breathing.Rate,P1,-1.8555763706256476,-1.9732269604548005e-15,-1.8555763706256456
T002,Breathing.Rate,P1,-0.5893760052242737,-2.5951812767056555e-16,-0.5893760052242735
T003,Breathing.Rate,P1,-0.8877501489366785,-1.4512411313933081e-15,-0.887750148936677
T004,Breathing.Rate,P1,-0.1512216384412122,-1.107560619290324e-15,-0.1512216384412111
T005,Breathing.Rate,P1,0.5397765028231268,7.451384494862474e-16,0.5397765028231261
T006,Breathing.Rate,P1,-0.043170568484341275,1.5401391745863874e-15,-0.043170568484342815
T007,Breathing.Rate,P1,-0.49480382908225884,-8.483752894958943e-16,-0.494803829082258
T008,Breathing.Rate,P1,-0.49431325414164246,-3.166764281939165e-16,-0.4943132541416421
T009,Breathing.Rate,P1,-0.5853860579043191,-2.226243558517285e-16,-0.5853860579043189
T010,Breathing.Rate,P1,0.032640255059260936,-5.396527107038736e-16,0.03264025505926148
T011,Breathing.Rate,P1,0.4372347712861747,7.459766254699214e-16,0.437234771286174
T012,Breathing.Rate,P1,-0.728506095633802,-4.011847316085886e-16,-0.7285060956338015
T013,Breathing.Rate,P1,0.6100071862507518,-5.075305255429287e-16,0.6100071862507523
T014,Breathing.Rate,P1,0.21024922130335022,1.7496264355241865e-16,0.21024922130335005
T015,Breathing.Rate,P1,-1.0175342425390084,-2.2676895822130855e-16,-1.0175342425390081
T016,Breathing.Rate,P1,-0.679354394446512,-3.7996937741181827e-16,-0.6793543944465117
T017,Breathing.Rate,P1,0.22967060276537135,-5.355369206267242e-16,0.22967060276537188
T018,Breathing.Rate,P1,-0.2068147451337848,-2.91360116515385e-16,-0.20681474513378453
T019,Breathing.Rate,P1,-1.1768292153559325,-3.242020087118328e-16,-1.1768292153559323
T020,Breathing.Rate,P1,-1.2196342531502964,5.766184504859452e-16,-1.219634253150297
T021,Breathing.Rate,P1,-0.21757026909583208,2.4244240327772447e-16,-0.21757026909583232
T022,Breathing.Rate,P1,-0.8621741542116,6.261487709763335e-16,-0.8621741542116007
T023,Breathing.Rate,P1,0.7764237908916034,5.473231527175463e-16,0.7764237908916028
T024,Breathing.Rate,P1,-0.283383168746146,-8.050945359073598e-16,-0.28338316874614516
T025,Breathing.Rate,P1,-1.3772356375698342,-2.1751308237554087e-16,-1.377235637569834
T027,Breathing.Rate,P1,-0.5810274708621743,-6.640586315514955e-16,-0.5810274708621737
T029,Breathing.Rate,P1,1.1128961642541004,1.1569216864479242e-16,1.1128961642541002
T031,Breathing.Rate,P1,1.350143802171206,-2.7560445508270553e-16,1.3501438021712062
T033,Breathing.Rate,P1,0.7538667246708021,6.832141690000964e-16,0.7538667246708014
T034,Breathing.Rate,P1,0.3856409444507591,4.855219745009883e-16,0.3856409444507586
T035,Breathing.Rate,P1,0.0840496242270224,5.654186226207694e-16,0.08404962422702184
T036,Breathing.Rate,P1,-1.596868140842294,-2.3715161912403857e-16,-1.5968681408422938
T038,Breathing.Rate,P1,0.6629100113934021,4.472840962518616e-16,0.6629100113934017
T039,Breathing.Rate,P1,1.1999825819419023,1.2010464307686855e-15,1.1999825819419012
T040,Breathing.Rate,P1,0.4174856568618003,1.631556224477842e-17,0.4174856568618003
T041,Breathing.Rate,P1,0.2526620312953105,2.0872736423797313e-16,0.2526620312953103
T042,Breathing.Rate,P1,0.2946321267549264,-1.1238649807447336e-15,0.2946321267549275
T043,Breathing.Rate,P1,-1.0178657029086955,-9.892428985147313e-16,-1.0178657029086946
T044,Breathing.Rate,P1,-0.17678242791151905,-2.0407232619741782e-16,-0.17678242791151885
T045,Breathing.Rate,P1,0.7695138448546678,-1.5456920289292675e-16,0.7695138448546679
T047,Breathing.Rate,P1,-0.9622713249303975,2.835083234953018e-16,-0.9622713249303978
T050,Breathing.Rate,P1,0.6582921948939926,2.9459268575190596e-15,0.6582921948939896
T051,Breathing.Rate,P1,0.8084267893621393,-4.010425257050872e-16,0.8084267893621397
T054,Breathing.Rate,P1,-1.1330092768702826,-9.672309492022307e-16,-1.1330092768702817
T060,Breathing.Rate,P1,0.5181089562529522,-1.1483518961779398e-15,0.5181089562529533
T061,Breathing.Rate,P1,-0.8935422491066235,1.024205745239784e-15,-0.8935422491066245
T064,Breathing.Rate,P1,0.5205141925363423,2.5331291827454553e-16,0.5205141925363421
T066,Breathing.Rate,P1,-1.1282851962035512,-2.0506283860320352e-16,-1.128285196203551
T068,Breathing.Rate,P1,-1.5710951081060436,-1.8641155248220685e-15,-1.5710951081060418
T073,Breathing.Rate,P1,-0.8997167737977791,-8.319645956684717e-16,-0.8997167737977784
T076,Breathing.Rate,P1,0.2050163319982734,-1.450087215836939e-16,0.20501633199827354
T077,Breathing.Rate,P1,-0.3845393211874178,1.3448758405553947e-16,-0.3845393211874179
T079,Breathing.Rate,P1,-0.19655658101973944,-3.0996830754635243e-16,-0.19655658101973913
T080,Breathing.Rate,P1,0.637420372074079,6.478477884871501e-16,0.6374203720740783
T081,Breathing.Rate,P1,-1.3096610563216629,6.594051903834263e-16,-1.3096610563216635
T082,Breathing.Rate,P1,-1.9195913283618629,-5.484891293586739e-16,-1.9195913283618624
T083,Breathing.Rate,P1,1.2808784542404101,1.475175229951765e-15,1.2808784542404086
T084,Breathing.Rate,P1,0.24243479566134057,3.0485331897298027e-16,0.24243479566134027
T086,Breathing.Rate,P1,-0.4962355365420784,-6.318398742328504e-16,-0.4962355365420778
T001,Breathing.Rate,P2,0.931968420389882,-1.9732269604548005e-15,0.931968420389884
T002,Breathing.Rate,P2,-0.12652218205706453,-2.5951812767056555e-16,-0.12652218205706428
T003,Breathing.Rate,P2,0.895901837939238,-1.4512411313933081e-15,0.8959018379392395
T004,Breathing.Rate,P2,0.11362727503268219,-1.107560619290324e-15,0.1136272750326833
T005,Breathing.Rate,P2,1.0253388208659795,7.451384494862474e-16,1.0253388208659788
T006,Breathing.Rate,P2,0.17577090632440204,1.5401391745863874e-15,0.1757709063244005
T007,Breathing.Rate,P2,1.2181639733820488,-8.483752894958943e-16,1.2181639733820497
T008,Breathing.Rate,P2,0.6919120006990991,-3.166764281939165e-16,0.6919120006990994
T009,Breathing.Rate,P2,1.2984771245316007,-2.226243558517285e-16,1.298477124531601
T010,Breathing.Rate,P2,-0.4687941163707385,-5.396527107038736e-16,-0.4687941163707379
T011,Breathing.Rate,P2,-0.4561982085319302,7.459766254699214e-16,-0.45619820853193094
T012,Breathing.Rate,P2,0.8650038030083659,-4.011847316085886e-16,0.8650038030083663
T013,Breathing.Rate,P2,0.328204210647563,-5.075305255429287e-16,0.3282042106475635
T014,Breathing.Rate,P2,1.1273702250665258,1.7496264355241865e-16,1.1273702250665256
T015,Breathing.Rate,P2,0.7648824710306664,-2.2676895822130855e-16,0.7648824710306666
T016,Breathing.Rate,P2,-0.08345418679795646,-3.7996937741181827e-16,-0.08345418679795609
T017,Breathing.Rate,P2,0.5651276636437285,-5.355369206267242e-16,0.565127663643729
T018,Breathing.Rate,P2,-0.18461116830726812,-2.91360116515385e-16,-0.18461116830726784
T019,Breathing.Rate,P2,0.5406930012547668,-3.242020087118328e-16,0.5406930012547672
T020,Breathing.Rate,P2,0.6717598807960138,5.766184504859452e-16,0.6717598807960132
T021,Breathing.Rate,P2,-0.4668514568670059,2.4244240327772447e-16,-0.46685145686700613
T022,Breathing.Rate,P2,0.8939615289908787,6.261487709763335e-16,0.893961528990878
T023,Breathing.Rate,P2,1.276993340941539,5.473231527175463e-16,1.2769933409415386
T024,Breathing.Rate,P2,0.798381570074366,-8.050945359073598e-16,0.7983815700743668
T025,Breathing.Rate,P2,0.05709757554243419,-2.1751308237554087e-16,0.05709757554243441
T027,Breathing.Rate,P2,-0.190635092331404,-6.640586315514955e-16,-0.19063509233140333
T029,Breathing.Rate,P2,0.16766689188960027,1.1569216864479242e-16,0.16766689188960016
T031,Breathing.Rate,P2,0.4606026464476335,-2.7560445508270553e-16,0.46060264644763377
T033,Breathing.Rate,P2,0.20038732956289435,6.832141690000964e-16,0.20038732956289365
T034,Breathing.Rate,P2,0.7660620059235022,4.855219745009883e-16,0.7660620059235017
T035,Breathing.Rate,P2,-0.16422067261256995,5.654186226207694e-16,-0.1642206726125705
T036,Breathing.Rate,P2,0.5678101255571386,-2.3715161912403857e-16,0.5678101255571388
T038,Breathing.Rate,P2,-0.14101863079710733,4.472840962518616e-16,-0.14101863079710777
T039,Breathing.Rate,P2,0.704129552821679,1.2010464307686855e-15,0.7041295528216778
T040,Breathing.Rate,P2,-0.10983655310019369,1.631556224477842e-17,-0.1098365531001937
T041,Breathing.Rate,P2,0.7197694894167179,2.0872736423797313e-16,0.7197694894167177
T042,Breathing.Rate,P2,-0.17797708892667297,-1.1238649807447336e-15,-0.17797708892667186
T043,Breathing.Rate,P2,0.5514969255284885,-9.892428985147313e-16,0.5514969255284895
T044,Breathing.Rate,P2,0.5690340024208691,-2.0407232619741782e-16,0.5690340024208693
T045,Breathing.Rate,P2,-0.01894680343077835,-1.5456920289292675e-16,-0.018946803430778193
T047,Breathing.Rate,P2,0.38914728904381507,2.835083234953018e-16,0.3891472890438148
T050,Breathing.Rate,P2,-0.12676845045618307,2.9459268575190596e-15,-0.126768450456186
T051,Breathing.Rate,P2,-0.5713088089943307,-4.010425257050872e-16,-0.5713088089943302
T054,Breathing.Rate,P2,0.8085330950234444,-9.672309492022307e-16,0.8085330950234454
T060,Breathing.Rate,P2,0.6678395102442665,-1.1483518961779398e-15,0.6678395102442676
T061,Breathing.Rate,P2,0.1595010590210916,1.024205745239784e-15,0.15950105902109057
T064,Breathing.Rate,P2,-0.07015672387340463,2.5331291827454553e-16,-0.07015672387340488
T066,Breathing.Rate,P2,-0.8952375386876911,-2.0506283860320352e-16,-0.8952375386876908
T068,Breathing.Rate,P2,0.31986425123629564,-1.8641155248220685e-15,0.3198642512362975
T073,Breathing.Rate,P2,0.6719452762200849,-8.319645956684717e-16,0.6719452762200857
T076,Breathing.Rate,P2,-0.9700782209955938,-1.450087215836939e-16,-0.9700782209955937
T077,Breathing.Rate,P2,0.38939820014833193,1.3448758405553947e-16,0.3893982001483318
T079,Breathing.Rate,P2,0.3771172612392357,-3.0996830754635243e-16,0.37711726123923606
T080,Breathing.Rate,P2,-0.2488494810768019,6.478477884871501e-16,-0.24884948107680255
T081,Breathing.Rate,P2,0.3343732885769914,6.594051903834263e-16,0.3343732885769907
T082,Breathing.Rate,P2,0.7258786539636408,-5.484891293586739e-16,0.7258786539636414
T083,Breathing.Rate,P2,-0.21361203283711627,1.475175229951765e-15,-0.21361203283711774
T084,Breathing.Rate,P2,-1.1306125175270771,3.0485331897298027e-16,-1.1306125175270774
T086,Breathing.Rate,P2,0.5975209008193989,-6.318398742328504e-16,0.5975209008193996
T001,Breathing.Rate,P3,-0.23126994463134312,-1.9732269604548005e-15,-0.23126994463134115
T002,Breathing.Rate,P3,0.37246254954325264,-2.5951812767056555e-16,0.3724625495432529
T003,Breathing.Rate,P3,-0.5833777412557105,-1.4512411313933081e-15,-0.5833777412557091
T004,Breathing.Rate,P3,0.12331686942806878,-1.107560619290324e-15,0.1233168694280699
T005,Breathing.Rate,P3,-0.6116110967733106,7.451384494862474e-16,-0.6116110967733114
T006,Breathing.Rate,P3,0.20722906949676567,1.5401391745863874e-15,0.20722906949676415
T007,Breathing.Rate,P3,-0.4585090855413186,-8.483752894958943e-16,-0.45850908554131775
T008,Breathing.Rate,P3,-0.5990641441545225,-3.166764281939165e-16,-0.5990641441545221
T009,Breathing.Rate,P3,-0.5298584880679638,-2.226243558517285e-16,-0.5298584880679635
T010,Breathing.Rate,P3,0.2791506850558621,-5.396527107038736e-16,0.27915068505586266
T011,Breathing.Rate,P3,-0.24072533611171873,7.459766254699214e-16,-0.24072533611171948
T012,Breathing.Rate,P3,0.18652580680274636,-4.011847316085886e-16,0.18652580680274675
T013,Breathing.Rate,P3,-0.13209194507163707,-5.075305255429287e-16,-0.13209194507163657
T014,Breathing.Rate,P3,-0.23845260996813966,1.7496264355241865e-16,-0.23845260996813983
T015,Breathing.Rate,P3,-0.4899991867352012,-2.2676895822130855e-16,-0.489999186735201
T016,Breathing.Rate,P3,0.1543736561460528,-3.7996937741181827e-16,0.1543736561460532
T017,Breathing.Rate,P3,-0.027360547746309492,-5.355369206267242e-16,-0.027360547746308958
T018,Breathing.Rate,P3,0.6297801563520444,-2.91360116515385e-16,0.6297801563520448
T019,Breathing.Rate,P3,0.14907464915965565,-3.242020087118328e-16,0.149074649159656
T020,Breathing.Rate,P3,0.31735491054886816,5.766184504859452e-16,0.3173549105488676
T021,Breathing.Rate,P3,0.18601991539874832,2.4244240327772447e-16,0.18601991539874807
T022,Breathing.Rate,P3,0.3392196465221575,6.261487709763335e-16,0.3392196465221569
T023,Breathing.Rate,P3,-0.3677831708152708,5.473231527175463e-16,-0.36778317081527134
T024,Breathing.Rate,P3,0.5324036713201594,-8.050945359073598e-16,0.5324036713201602
T025,Breathing.Rate,P3,-0.38067520359177226,-2.1751308237554087e-16,-0.38067520359177204
T027,Breathing.Rate,P3,0.6540239208865076,-6.640586315514955e-16,0.6540239208865083
T029,Breathing.Rate,P3,-0.18256074671111414,1.1569216864479242e-16,-0.18256074671111425
T031,Breathing.Rate,P3,-0.056525050830874106,-2.7560445508270553e-16,-0.05652505083087383
T033,Breathing.Rate,P3,-0.4446263559864342,6.832141690000964e-16,-0.44462635598643485
T034,Breathing.Rate,P3,-0.7542401196703142,4.855219745009883e-16,-0.7542401196703147
T035,Breathing.Rate,P3,-0.28418748629184454,5.654186226207694e-16,-0.2841874862918451
T036,Breathing.Rate,P3,0.2916161224932657,-2.3715161912403857e-16,0.2916161224932659
T038,Breathing.Rate,P3,0.43394485676654515,4.472840962518616e-16,0.4339448567665447
T039,Breathing.Rate,P3,-0.5148364528954136,1.2010464307686855e-15,-0.5148364528954148
T040,Breathing.Rate,P3,0.6279369004725158,1.631556224477842e-17,0.6279369004725158
T041,Breathing.Rate,P3,-0.03515627171189353,2.0872736423797313e-16,-0.03515627171189374
T042,Breathing.Rate,P3,0.2333042933874512,-1.1238649807447336e-15,0.23330429338745232
T043,Breathing.Rate,P3,0.8099746996605667,-9.892428985147313e-16,0.8099746996605677
T044,Breathing.Rate,P3,-0.19489525462692173,-2.0407232619741782e-16,-0.19489525462692153
T045,Breathing.Rate,P3,-0.22563153807632366,-1.5456920289292675e-16,-0.2256315380763235
T047,Breathing.Rate,P3,-0.08071248844342915,2.835083234953018e-16,-0.08071248844342943
T050,Breathing.Rate,P3,0.45617010622993304,2.9459268575190596e-15,0.4561701062299301
T051,Breathing.Rate,P3,0.12908469897475924,-4.010425257050872e-16,0.12908469897475963
T054,Breathing.Rate,P3,-0.32497718741900505,-9.672309492022307e-16,-0.3249771874190041
T060,Breathing.Rate,P3,-0.062296134386002386,-1.1483518961779398e-15,-0.06229613438600124
T061,Breathing.Rate,P3,-0.30007189971919696,1.024205745239784e-15,-0.30007189971919795
T064,Breathing.Rate,P3,0.5211931311683143,2.5331291827454553e-16,0.5211931311683141
T066,Breathing.Rate,P3,0.6504447651405929,-2.0506283860320352e-16,0.6504447651405931
T068,Breathing.Rate,P3,0.6013868101189337,-1.8641155248220685e-15,0.6013868101189356
T073,Breathing.Rate,P3,-0.8347592202587629,-8.319645956684717e-16,-0.8347592202587621
T076,Breathing.Rate,P3,0.2793186950037724,-1.450087215836939e-16,0.27931869500377254
T077,Breathing.Rate,P3,0.6355667446471714,1.3448758405553947e-16,0.6355667446471713
T079,Breathing.Rate,P3,-0.1404451230951205,-3.0996830754635243e-16,-0.1404451230951202
T080,Breathing.Rate,P3,-1.017161655122162,6.478477884871501e-16,-1.0171616551221627
T081,Breathing.Rate,P3,-1.088230089252804,6.594051903834263e-16,-1.0882300892528047
T082,Breathing.Rate,P3,0.07659367528901151,-5.484891293586739e-16,0.07659367528901206
T083,Breathing.Rate,P3,-0.22715081860503558,1.475175229951765e-15,-0.22715081860503705
T084,Breathing.Rate,P3,0.6885551900648638,3.0485331897298027e-16,0.6885551900648634
T086,Breathing.Rate,P3,-0.7902316263681018,-6.318398742328504e-16,-0.7902316263681012
T001,Breathing.Rate,P4,0.1108021288670803,-1.9732269604548005e-15,0.11080212886708227
T002,Breathing.Rate,P4,-0.45659591117140286,-2.5951812767056555e-16,-0.4565959111714026
T003,Breathing.Rate,P4,0.835690870813563,-1.4512411313933081e-15,0.8356908708135644
T004,Breathing.Rate,P4,-0.18412154569964392,-1.107560619290324e-15,-0.1841215456996428
T005,Breathing.Rate,P4,0.02017331259727494,7.451384494862474e-16,0.020173312597274194
T006,Breathing.Rate,P4,-0.4212342646305166,1.5401391745863874e-15,-0.42123426463051816
T007,Breathing.Rate,P4,0.5967995004041299,-8.483752894958943e-16,0.5967995004041308
T008,Breathing.Rate,P4,0.24761201638360952,-3.166764281939165e-16,0.24761201638360983
T009,Breathing.Rate,P4,0.2856462272010733,-2.226243558517285e-16,0.2856462272010735
T010,Breathing.Rate,P4,0.29202482383190875,-5.396527107038736e-16,0.2920248238319093
T011,Breathing.Rate,P4,0.8079847842997898,7.459766254699214e-16,0.807984784299789
T012,Breathing.Rate,P4,-0.4098374188254355,-4.011847316085886e-16,-0.4098374188254351
T013,Breathing.Rate,P4,0.30590163829354283,-5.075305255429287e-16,0.30590163829354333
T014,Breathing.Rate,P4,0.24896336981969774,1.7496264355241865e-16,0.24896336981969758
T015,Breathing.Rate,P4,0.6334187280815443,-2.2676895822130855e-16,0.6334187280815445
T016,Breathing.Rate,P4,0.2543470277291193,-3.7996937741181827e-16,0.2543470277291197
T017,Breathing.Rate,P4,-0.4984881806321804,-5.355369206267242e-16,-0.49848818063217987
T018,Breathing.Rate,P4,-0.9267035407472496,-2.91360116515385e-16,-0.9267035407472493
T019,Breathing.Rate,P4,-0.6261504746027087,-3.242020087118328e-16,-0.6261504746027083
T020,Breathing.Rate,P4,-0.4766318577122195,5.766184504859452e-16,-0.47663185771222005
T021,Breathing.Rate,P4,-0.3462020895479169,2.4244240327772447e-16,-0.34620208954791715
T022,Breathing.Rate,P4,-1.1479448331002275,6.261487709763335e-16,-1.1479448331002282
T023,Breathing.Rate,P4,-0.48745044069463306,5.473231527175463e-16,-0.4874504406946336
T024,Breathing.Rate,P4,-0.4799194753631265,-8.050945359073598e-16,-0.4799194753631257
T025,Breathing.Rate,P4,0.9878216387409989,-2.1751308237554087e-16,0.9878216387409992
T027,Breathing.Rate,P4,-0.9016406322499573,-6.640586315514955e-16,-0.9016406322499566
T029,Breathing.Rate,P4,-0.3360610980697988,1.1569216864479242e-16,-0.3360610980697989
T031,Breathing.Rate,P4,-0.36007760914903203,-2.7560445508270553e-16,-0.36007760914903175
T033,Breathing.Rate,P4,0.06331536104840872,6.832141690000964e-16,0.06331536104840804
T034,Breathing.Rate,P4,-0.23450933424356743,4.855219745009883e-16,-0.2345093342435679
T035,Breathing.Rate,P4,0.09708200116023541,5.654186226207694e-16,0.09708200116023484
T036,Breathing.Rate,P4,-0.33178090370048297,-2.3715161912403857e-16,-0.33178090370048274
T038,Breathing.Rate,P4,-1.1069311225254161,4.472840962518616e-16,-1.1069311225254166
T039,Breathing.Rate,P4,0.05862679713232249,1.2010464307686855e-15,0.05862679713232129
T040,Breathing.Rate,P4,-0.7119015880214656,1.631556224477842e-17,-0.7119015880214656
T041,Breathing.Rate,P4,-0.6259496151803002,2.0872736423797313e-16,-0.6259496151803005
T042,Breathing.Rate,P4,-0.21576271175049716,-1.1238649807447336e-15,-0.21576271175049605
T043,Breathing.Rate,P4,-0.689931341726045,-9.892428985147313e-16,-0.689931341726044
T044,Breathing.Rate,P4,0.15959941263908606,-2.0407232619741782e-16,0.15959941263908625
T045,Breathing.Rate,P4,0.229269952306232,-1.5456920289292675e-16,0.22926995230623218
T047,Breathing.Rate,P4,-0.17744579509306715,2.835083234953018e-16,-0.17744579509306743
T050,Breathing.Rate,P4,-1.044373814143376,2.9459268575190596e-15,-1.044373814143379
T051,Breathing.Rate,P4,-0.49775267740599843,-4.010425257050872e-16,-0.49775267740599805
T054,Breathing.Rate,P4,0.7987054085201393,-9.672309492022307e-16,0.7987054085201403
T060,Breathing.Rate,P4,-0.6359226288825448,-1.1483518961779398e-15,-0.6359226288825437
T061,Breathing.Rate,P4,0.8113676772909577,1.024205745239784e-15,0.8113676772909567
T064,Breathing.Rate,P4,-0.2254302394431388,2.5331291827454553e-16,-0.22543023944313906
T066,Breathing.Rate,P4,0.7417727861033215,-2.0506283860320352e-16,0.7417727861033218
T068,Breathing.Rate,P4,0.26422134844043516,-1.8641155248220685e-15,0.26422134844043704
T073,Breathing.Rate,P4,0.8227586440454357,-8.319645956684717e-16,0.8227586440454365
T076,Breathing.Rate,P4,0.3349467876221046,-1.450087215836939e-16,0.3349467876221048
T077,Breathing.Rate,P4,-0.834775721189145,1.3448758405553947e-16,-0.8347757211891451
T079,Breathing.Rate,P4,-0.41830412445455356,-3.0996830754635243e-16,-0.41830412445455323
T080,Breathing.Rate,P4,0.8867589485583082,6.478477884871501e-16,0.8867589485583075
T081,Breathing.Rate,P4,0.6140927246392139,6.594051903834263e-16,0.6140927246392133
T082,Breathing.Rate,P4,-0.008740732740425194,-5.484891293586739e-16,-0.008740732740424646
T083,Breathing.Rate,P4,0.2061668747830549,1.475175229951765e-15,0.20616687478305343
T084,Breathing.Rate,P4,0.25500273445482713,3.0485331897298027e-16,0.25500273445482685
T086,Breathing.Rate,P4,0.4622472595931316,-6.318398742328504e-16,0.46224725959313223
T001,Breathing.Rate,P5,0.2769618541216172,-1.9732269604548005e-15,0.2769618541216192
T002,Breathing.Rate,P5,0.3422331597644578,-2.5951812767056555e-16,0.34223315976445806
T003,Breathing.Rate,P5,-0.5937241734467066,-1.4512411313933081e-15,-0.5937241734467051
T004,Breathing.Rate,P5,-0.11553450737459438,-1.107560619290324e-15,-0.11553450737459327
T005,Breathing.Rate,P5,-0.49575917833189037,7.451384494862474e-16,-0.4957591783318911
T006,Breathing.Rate,P5,-0.02301293377686447,1.5401391745863874e-15,-0.023012933776866012
T007,Breathing.Rate,P5,-0.8846153094681813,-8.483752894958943e-16,-0.8846153094681805
T008,Breathing.Rate,P5,0.214489685877923,-3.166764281939165e-16,0.2144896858779233
T009,Breathing.Rate,P5,-0.616049842630815,-2.226243558517285e-16,-0.6160498426308147
T010,Breathing.Rate,P5,-1.4530984657525232,-5.396527107038736e-16,-1.4530984657525228
T011,Breathing.Rate,P5,-0.15622885972733594,7.459766254699214e-16,-0.1562288597273367
T012,Breathing.Rate,P5,-0.35417335598142186,-4.011847316085886e-16,-0.35417335598142147
T013,Breathing.Rate,P5,-0.924292799938643,-5.075305255429287e-16,-0.9242927999386424
T014,Breathing.Rate,P5,-1.050017562079294,1.7496264355241865e-16,-1.0500175620792942
T015,Breathing.Rate,P5,-0.40434855313257445,-2.2676895822130855e-16,-0.40434855313257423
T016,Breathing.Rate,P5,-0.11335307032000576,-3.7996937741181827e-16,-0.11335307032000538
T017,Breathing.Rate,P5,-0.16921478223505323,-5.355369206267242e-16,-0.1692147822350527
T018,Breathing.Rate,P5,0.3644769750233367,-2.91360116515385e-16,0.364476975023337
T019,Breathing.Rate,P5,0.601628891664736,-3.242020087118328e-16,0.6016288916647363
T020,Breathing.Rate,P5,-0.17449843709571902,5.766184504859452e-16,-0.1744984370957196
T021,Breathing.Rate,P5,0.927568692521636,2.4244240327772447e-16,0.9275686925216358
T022,Breathing.Rate,P5,0.13426632854545295,6.261487709763335e-16,0.1342663285454523
T023,Breathing.Rate,P5,-0.8679580604552753,5.473231527175463e-16,-0.8679580604552759
T024,Breathing.Rate,P5,-1.1630480688312619,-8.050945359073598e-16,-1.163048068831261
T025,Breathing.Rate,P5,0.34727468739413264,-2.1751308237554087e-16,0.34727468739413286
T029,Breathing.Rate,P5,0.13761741294003055,1.1569216864479242e-16,0.13761741294003044
T031,Breathing.Rate,P5,-0.6385252231361448,-2.7560445508270553e-16,-0.6385252231361446
T033,Breathing.Rate,P5,0.2499612014912047,6.832141690000964e-16,0.24996120149120402
T034,Breathing.Rate,P5,0.47839175938147016,4.855219745009883e-16,0.47839175938146966
T035,Breathing.Rate,P5,1.0666597538335996,5.654186226207694e-16,1.066659753833599
T036,Breathing.Rate,P5,0.01736875661455112,-2.3715161912403857e-16,0.017368756614551357
T038,Breathing.Rate,P5,0.14129065463097215,4.472840962518616e-16,0.1412906546309717
T039,Breathing.Rate,P5,-0.48690954106674433,1.2010464307686855e-15,-0.48690954106674555
T040,Breathing.Rate,P5,-0.5625513253558224,1.631556224477842e-17,-0.5625513253558224
T041,Breathing.Rate,P5,-0.08603696840590955,2.0872736423797313e-16,-0.08603696840590976
T042,Breathing.Rate,P5,0.46538819288832545,-1.1238649807447336e-15,0.46538819288832656
T043,Breathing.Rate,P5,-1.0248894315043844,-9.892428985147313e-16,-1.0248894315043835
T044,Breathing.Rate,P5,-0.4635745918006594,-2.0407232619741782e-16,-0.4635745918006592
T045,Breathing.Rate,P5,-0.4035375862160827,-1.5456920289292675e-16,-0.40353758621608254
T047,Breathing.Rate,P5,0.7529742437787096,2.835083234953018e-16,0.7529742437787093
T050,Breathing.Rate,P5,0.482334777901656,2.9459268575190596e-15,0.4823347779016531
T051,Breathing.Rate,P5,0.6218809647276096,-4.010425257050872e-16,0.62188096472761
T054,Breathing.Rate,P5,-0.43173587096578936,-9.672309492022307e-16,-0.4317358709657884
T060,Breathing.Rate,P5,-0.5459724896895979,-1.1483518961779398e-15,-0.5459724896895968
T061,Breathing.Rate,P5,-0.6830450240630042,1.024205745239784e-15,-0.6830450240630052
T064,Breathing.Rate,P5,-0.7952943762675213,2.5331291827454553e-16,-0.7952943762675215
T068,Breathing.Rate,P5,-1.4111953246263935,-1.8641155248220685e-15,-1.4111953246263917
T073,Breathing.Rate,P5,-0.7278926529634387,-8.319645956684717e-16,-0.727892652963438
T076,Breathing.Rate,P5,0.6046420130712696,-1.450087215836939e-16,0.6046420130712697
T077,Breathing.Rate,P5,0.44930656023594506,1.3448758405553947e-16,0.44930656023594495
T079,Breathing.Rate,P5,1.1364421914965515,-3.0996830754635243e-16,1.1364421914965517
T080,Breathing.Rate,P5,-0.044186845251624376,6.478477884871501e-16,-0.04418684525162502
T081,Breathing.Rate,P5,1.1128539589201407,6.594051903834263e-16,1.11285395892014
T082,Breathing.Rate,P5,0.578228828119784,-5.484891293586739e-16,0.5782288281197846
T083,Breathing.Rate,P5,-1.394123076040358,1.475175229951765e-15,-1.3941230760403596
T084,Breathing.Rate,P5,0.7775993816897606,3.0485331897298027e-16,0.7775993816897603
T086,Breathing.Rate,P5,-0.6408287002965362,-6.318398742328504e-16,-0.6408287002965355
T002,Heart.Rate,P1,-0.2552951540906339,-6.86828148231583e-16,-0.25529515409063325
T003,Heart.Rate,P1,1.0197110490229653,-1.3334455850139812e-15,1.0197110490229666
T004,Heart.Rate,P1,-0.1811279971868449,1.933971235222335e-15,-0.18112799718684686
T005,Heart.Rate,P1,0.6618348494336089,-1.578983857244667e-15,0.6618348494336105
T006,Heart.Rate,P1,-0.33867522860675814,6.047172219234895e-16,-0.33867522860675875
T007,Heart.Rate,P1,-0.030966773726015487,2.547400333070782e-16,-0.03096677372601574
T008,Heart.Rate,P1,0.3544840388073844,1.543797587445343e-15,0.35448403880738283
T009,Heart.Rate,P1,-0.6718347772604212,5.539428564971834e-16,-0.6718347772604217
T010,Heart.Rate,P1,-0.06065386162954383,-1.9067729111536865e-15,-0.06065386162954192
T011,Heart.Rate,P1,0.6899231313428669,1.8089933167645596e-15,0.6899231313428651
T012,Heart.Rate,P1,-0.33238613717287885,1.3877787807814457e-17,-0.33238613717287885
T013,Heart.Rate,P1,0.6294809928451383,8.646816361101748e-16,0.6294809928451374
T014,Heart.Rate,P1,0.2908565664887119,-9.720146864023258e-17,0.290856566488712
T015,Heart.Rate,P1,-0.6414190111556833,-1.545772057362718e-15,-0.6414190111556818
T016,Heart.Rate,P1,0.6859568212142316,7.124425826471593e-16,0.685956821214231
T017,Heart.Rate,P1,0.0641344501833468,5.164106020329126e-16,0.06413445018334629
T018,Heart.Rate,P1,0.21945005851772245,-1.0996494720096789e-15,0.21945005851772356
T019,Heart.Rate,P1,-0.2726105361780409,-2.3054365063952552e-15,-0.27261053617803854
T020,Heart.Rate,P1,0.18623629650455106,7.812249974325709e-16,0.18623629650455029
T021,Heart.Rate,P1,-0.5109971150882445,3.729883127349607e-16,-0.5109971150882449
T022,Heart.Rate,P1,-0.002414160350985314,-1.4337899393371115e-15,-0.0024141603509838802
T023,Heart.Rate,P1,0.12264383298302306,1.475817786791955e-15,0.12264383298302159
T024,Heart.Rate,P1,-0.7428455325028466,-1.554019685588625e-15,-0.742845532502845
T025,Heart.Rate,P1,-0.6825308554044384,-4.404639918104703e-15,-0.6825308554044339
T027,Heart.Rate,P1,-0.5855612207307564,-4.38278696823987e-15,-0.5855612207307521
T029,Heart.Rate,P1,0.5292329709709731,2.660919878830226e-15,0.5292329709709704
T031,Heart.Rate,P1,-0.3499122048085141,-5.856594670507493e-16,-0.3499122048085135
T033,Heart.Rate,P1,-0.3102261481438391,-2.869499509800405e-16,-0.3102261481438388
T034,Heart.Rate,P1,0.4877682948735171,5.041958965971802e-16,0.4877682948735166
T035,Heart.Rate,P1,1.799642543724412,-7.114851001311349e-15,1.799642543724419
T036,Heart.Rate,P1,0.5878992169032177,6.020002639302517e-16,0.5878992169032171
T038,Heart.Rate,P1,0.34376776386392593,-6.815757657171225e-16,0.3437677638639266
T039,Heart.Rate,P1,0.24841552246050252,-4.1715734809141365e-16,0.24841552246050294
T040,Heart.Rate,P1,1.0000195343732234,-5.220979918329094e-16,1.0000195343732239
T041,Heart.Rate,P1,-1.121054468767841e-15,6.055761952500853e-16,-1.7266306640179262e-15
T042,Heart.Rate,P1,-0.27617529559862664,-1.411797331183467e-15,-0.27617529559862525
T043,Heart.Rate,P1,-1.0410838423587234,-1.902390189451406e-16,-1.0410838423587232
T044,Heart.Rate,P1,-0.13029179517277686,-1.1873298978758854e-15,-0.13029179517277567
T045,Heart.Rate,P1,-0.04815818977115985,-4.280377926265664e-17,-0.04815818977115981
T047,Heart.Rate,P1,0.8056253208187328,2.9059603158268437e-15,0.80562532081873
T050,Heart.Rate,P1,-1.1827337450120932,1.6304500846646366e-15,-1.1827337450120947
T051,Heart.Rate,P1,-0.32326323568100945,1.0200429458151132e-15,-0.32326323568101045
T054,Heart.Rate,P1,1.1875720203078606,-6.789217239592581e-16,1.1875720203078612
T060,Heart.Rate,P1,-0.08378661249314914,1.17227589401498e-15,-0.08378661249315031
T061,Heart.Rate,P1,0.5156514962638754,5.12102872619892e-16,0.5156514962638749
T066,Heart.Rate,P1,0.29244028430667657,3.793662514159265e-16,0.2924402843066762
T068,Heart.Rate,P1,0.19687188277510298,-1.640179568918119e-15,0.19687188277510462
T073,Heart.Rate,P1,-1.0843360342169024,-3.147974145772596e-16,-1.0843360342169022
T076,Heart.Rate,P1,-0.7416295859161779,-9.30472630162036e-16,-0.741629585916177
T077,Heart.Rate,P1,0.19164638368108614,-2.5104349023700702e-15,0.19164638368108863
T079,Heart.Rate,P1,-0.8432778689115101,1.1444983663249935e-15,-0.8432778689115112
T080,Heart.Rate,P1,1.0487129115773468,-1.1703056824284003e-15,1.048712911577348
T081,Heart.Rate,P1,0.47264421731153616,-1.2111523905001707e-15,0.4726442173115374
T082,Heart.Rate,P1,-0.20623518424374632,-9.286918213004818e-16,-0.2062351842437454
T083,Heart.Rate,P1,-0.20855023699947445,-5.531907112319119e-16,-0.2085502369994739
T084,Heart.Rate,P1,-0.8062712857167721,9.966358504885894e-16,-0.8062712857167731
T086,Heart.Rate,P1,-0.962895118741943,-9.422173563121453e-16,-0.9628951187419421
T002,Heart.Rate,P2,0.7153416204240377,-6.86828148231583e-16,0.7153416204240384
T003,Heart.Rate,P2,0.18466992597856016,-1.3334455850139812e-15,0.1846699259785615
T004,Heart.Rate,P2,1.073778866293575,1.933971235222335e-15,1.073778866293573
T005,Heart.Rate,P2,0.4082459349922737,-1.578983857244667e-15,0.40824593499227524
T006,Heart.Rate,P2,0.49041644173454585,6.047172219234895e-16,0.49041644173454524
T007,Heart.Rate,P2,0.3514131342475115,2.547400333070782e-16,0.35141313424751125
T008,Heart.Rate,P2,0.528079747042827,1.543797587445343e-15,0.5280797470428255
T009,Heart.Rate,P2,0.0870221632160405,5.539428564971834e-16,0.08702216321603995
T010,Heart.Rate,P2,-0.08547078802206662,-1.9067729111536865e-15,-0.08547078802206472
T011,Heart.Rate,P2,0.048296105417494156,1.8089933167645596e-15,0.048296105417492345
T013,Heart.Rate,P2,0.8450104587236859,8.646816361101748e-16,0.845010458723685
T014,Heart.Rate,P2,0.4697789489257691,-9.720146864023258e-17,0.4697789489257692
T016,Heart.Rate,P2,-0.7652114355699012,7.124425826471593e-16,-0.7652114355699019
T017,Heart.Rate,P2,0.02918135344816742,5.164106020329126e-16,0.029181353448166903
T018,Heart.Rate,P2,0.4536830766145977,-1.0996494720096789e-15,0.45368307661459883
T019,Heart.Rate,P2,-0.20154520181390953,-2.3054365063952552e-15,-0.20154520181390723
T020,Heart.Rate,P2,0.028505686229403433,7.812249974325709e-16,0.028505686229402652
T021,Heart.Rate,P2,0.23243262114348337,3.729883127349607e-16,0.232432621143483
T022,Heart.Rate,P2,-0.30442177765102707,-1.4337899393371115e-15,-0.3044217776510256
T023,Heart.Rate,P2,-0.023024871471693624,1.475817786791955e-15,-0.0230248714716951
T024,Heart.Rate,P2,-0.2264648207329475,-1.554019685588625e-15,-0.22646482073294594
T025,Heart.Rate,P2,0.9216979692437385,-4.404639918104703e-15,0.9216979692437429
T027,Heart.Rate,P2,0.9169530846610591,-4.38278696823987e-15,0.9169530846610634
T029,Heart.Rate,P2,0.6677658120296471,2.660919878830226e-15,0.6677658120296445
T031,Heart.Rate,P2,1.1798939396388022,-5.856594670507493e-16,1.1798939396388028
T033,Heart.Rate,P2,0.7083925859313949,-2.869499509800405e-16,0.7083925859313952
T034,Heart.Rate,P2,-0.1643289214325421,5.041958965971802e-16,-0.1643289214325426
T035,Heart.Rate,P2,0.1991892640971464,-7.114851001311349e-15,0.1991892640971535
T036,Heart.Rate,P2,0.4201299849676173,6.020002639302517e-16,0.42012998496761667
T038,Heart.Rate,P2,1.2167760877461566,-6.815757657171225e-16,1.2167760877461573
T039,Heart.Rate,P2,0.7666043801227516,-4.1715734809141365e-16,0.766604380122752
T040,Heart.Rate,P2,0.1367697660236064,-5.220979918329094e-16,0.13676976602360694
T042,Heart.Rate,P2,0.33065496820671286,-1.411797331183467e-15,0.33065496820671425
T043,Heart.Rate,P2,-0.6618452184159542,-1.902390189451406e-16,-0.661845218415954
T044,Heart.Rate,P2,0.14035986433666103,-1.1873298978758854e-15,0.14035986433666223
T045,Heart.Rate,P2,-0.7935965978935117,-4.280377926265664e-17,-0.7935965978935117
T047,Heart.Rate,P2,0.08342825836222625,2.9059603158268437e-15,0.08342825836222335
T050,Heart.Rate,P2,-0.19351560997632627,1.6304500846646366e-15,-0.1935156099763279
T051,Heart.Rate,P2,0.1726085082210224,1.0200429458151132e-15,0.17260850822102136
T054,Heart.Rate,P2,0.04238283986134783,-6.789217239592581e-16,0.04238283986134851
T060,Heart.Rate,P2,0.6164859973909426,1.17227589401498e-15,0.6164859973909413
T061,Heart.Rate,P2,0.9544501046541317,5.12102872619892e-16,0.9544501046541312
T066,Heart.Rate,P2,-0.14399483573907923,3.793662514159265e-16,-0.14399483573907962
T068,Heart.Rate,P2,-0.1461301419946094,-1.640179568918119e-15,-0.14613014199460778
T073,Heart.Rate,P2,0.45744131477657785,-3.147974145772596e-16,0.4574413147765782
T076,Heart.Rate,P2,0.837732241768934,-9.30472630162036e-16,0.8377322417689349
T077,Heart.Rate,P2,0.896568934362567,-2.5104349023700702e-15,0.8965689343625696
T079,Heart.Rate,P2,1.0634206547516554,1.1444983663249935e-15,1.0634206547516543
T080,Heart.Rate,P2,-0.09245269567770427,-1.1703056824284003e-15,-0.0924526956777031
T081,Heart.Rate,P2,-0.3822966967056074,-1.2111523905001707e-15,-0.3822966967056062
T082,Heart.Rate,P2,-0.04908167557893196,-9.286918213004818e-16,-0.04908167557893103
T083,Heart.Rate,P2,0.28597242484154556,-5.531907112319119e-16,0.2859724248415461
T084,Heart.Rate,P2,0.35412982724730596,9.966358504885894e-16,0.35412982724730496
T086,Heart.Rate,P2,0.8354112140031376,-9.422173563121453e-16,0.8354112140031384
T001,Heart.Rate,P3,0.12092771248825934,3.3306690738754696e-16,0.12092771248825901
T002,Heart.Rate,P3,-0.09415098878675875,-6.86828148231583e-16,-0.09415098878675807
T003,Heart.Rate,P3,-0.3782531735372348,-1.3334455850139812e-15,-0.3782531735372335
T004,Heart.Rate,P3,-0.5734522003161492,1.933971235222335e-15,-0.5734522003161511
T005,Heart.Rate,P3,-0.3844090001472849,-1.578983857244667e-15,-0.38440900014728335
T006,Heart.Rate,P3,-0.2801907176434464,6.047172219234895e-16,-0.280190717643447
T007,Heart.Rate,P3,0.22338471818724823,2.547400333070782e-16,0.22338471818724798
T008,Heart.Rate,P3,-0.13283851857561588,1.543797587445343e-15,-0.13283851857561743
T010,Heart.Rate,P3,-0.05452279427788467,-1.9067729111536865e-15,-0.054522794277882765
T011,Heart.Rate,P3,-0.041004668735541955,1.8089933167645596e-15,-0.041004668735543766
T013,Heart.Rate,P3,-0.32786668676213404,8.646816361101748e-16,-0.32786668676213493
T014,Heart.Rate,P3,-0.23544841466928693,-9.720146864023258e-17,-0.23544841466928682
T016,Heart.Rate,P3,0.21514197784332326,7.124425826471593e-16,0.21514197784332253
T017,Heart.Rate,P3,0.208719593022025,5.164106020329126e-16,0.20871959302202447
T018,Heart.Rate,P3,-0.2344254903088026,-1.0996494720096789e-15,-0.2344254903088015
T019,Heart.Rate,P3,-0.15034820453426667,-2.3054365063952552e-15,-0.15034820453426437
T020,Heart.Rate,P3,-0.6601471192382525,7.812249974325709e-16,-0.6601471192382533
T021,Heart.Rate,P3,0.06514070435816646,3.729883127349607e-16,0.06514070435816609
T022,Heart.Rate,P3,0.14733297873350873,-1.4337899393371115e-15,0.14733297873351017
T023,Heart.Rate,P3,-0.06437513525581348,1.475817786791955e-15,-0.06437513525581495
T024,Heart.Rate,P3,-0.05025713987638686,-1.554019685588625e-15,-0.050257139876385304
T025,Heart.Rate,P3,-0.6631588742917147,-4.404639918104703e-15,-0.6631588742917103
T027,Heart.Rate,P3,-0.11848486025461864,-4.38278696823987e-15,-0.11848486025461426
T029,Heart.Rate,P3,-0.04602286720348211,2.660919878830226e-15,-0.046022867203484766
T031,Heart.Rate,P3,-0.5169843282858713,-5.856594670507493e-16,-0.5169843282858707
T033,Heart.Rate,P3,-0.26037780474806727,-2.869499509800405e-16,-0.260377804748067
T034,Heart.Rate,P3,0.4686580342270217,5.041958965971802e-16,0.4686580342270212
T035,Heart.Rate,P3,-0.10296868488864122,-7.114851001311349e-15,-0.1029686848886341
T036,Heart.Rate,P3,-0.08196952278685621,6.020002639302517e-16,-0.0819695227868568
T038,Heart.Rate,P3,-0.415054233998216,-6.815757657171225e-16,-0.41505423399821534
T039,Heart.Rate,P3,-0.3256949676346158,-4.1715734809141365e-16,-0.32569496763461536
T040,Heart.Rate,P3,-0.5430926182198661,-5.220979918329094e-16,-0.5430926182198655
T042,Heart.Rate,P3,-0.0988185537540663,-1.411797331183467e-15,-0.09881855375406488
T043,Heart.Rate,P3,-0.43894088251681473,-1.902390189451406e-16,-0.43894088251681457
T044,Heart.Rate,P3,-0.3184235777870958,-1.1873298978758854e-15,-0.3184235777870946
T045,Heart.Rate,P3,-0.2533840496988461,-4.280377926265664e-17,-0.25338404969884604
T047,Heart.Rate,P3,-0.02974850749265038,2.9059603158268437e-15,-0.029748507492653287
T050,Heart.Rate,P3,0.31725386176039766,1.6304500846646366e-15,0.31725386176039605
T051,Heart.Rate,P3,-0.27958861296102017,1.0200429458151132e-15,-0.27958861296102117
T054,Heart.Rate,P3,-0.3730791753068468,-6.789217239592581e-16,-0.37307917530684614
T060,Heart.Rate,P3,-0.9103345086926805,1.17227589401498e-15,-0.9103345086926817
T061,Heart.Rate,P3,-0.7616855080736781,5.12102872619892e-16,-0.7616855080736786
T066,Heart.Rate,P3,0.025909457150661744,3.793662514159265e-16,0.025909457150661366
T068,Heart.Rate,P3,0.010316970086588042,-1.640179568918119e-15,0.010316970086589682
T073,Heart.Rate,P3,-0.4142492213303434,-3.147974145772596e-16,-0.4142492213303431
T076,Heart.Rate,P3,0.4782349108790278,-9.30472630162036e-16,0.47823491087902875
T077,Heart.Rate,P3,-0.7145380727524381,-2.5104349023700702e-15,-0.7145380727524355
T079,Heart.Rate,P3,-0.5433919739848279,1.1444983663249935e-15,-0.543391973984829
T080,Heart.Rate,P3,-0.4495360663488961,-1.1703056824284003e-15,-0.4495360663488949
T081,Heart.Rate,P3,-0.22907399080124174,-1.2111523905001707e-15,-0.22907399080124052
T082,Heart.Rate,P3,-0.04080277670898622,-9.286918213004818e-16,-0.04080277670898529
T083,Heart.Rate,P3,-0.06987299085053428,-5.531907112319119e-16,-0.06987299085053372
T084,Heart.Rate,P3,-0.1597031007606818,9.966358504885894e-16,-0.1597031007606828
T086,Heart.Rate,P3,-0.3051473342988635,-9.422173563121453e-16,-0.30514733429886254
T001,Heart.Rate,P4,-0.3413424714415305,3.3306690738754696e-16,-0.34134247144153085
T002,Heart.Rate,P4,0.24312569179921653,-6.86828148231583e-16,0.24312569179921723
T003,Heart.Rate,P4,0.3328425216701035,-1.3334455850139812e-15,0.3328425216701048
T004,Heart.Rate,P4,0.40334073459555697,1.933971235222335e-15,0.40334073459555503
T005,Heart.Rate,P4,0.4594881841428769,-1.578983857244667e-15,0.45948818414287845
T006,Heart.Rate,P4,0.36078527574956665,6.047172219234895e-16,0.36078527574956604
T007,Heart.Rate,P4,-0.35723060033660864,2.547400333070782e-16,-0.3572306003366089
T008,Heart.Rate,P4,-0.2524237030774025,1.543797587445343e-15,-0.252423703077404
T009,Heart.Rate,P4,0.3950493438610118,5.539428564971834e-16,0.39504934386101126
T010,Heart.Rate,P4,0.11062614088934175,-1.9067729111536865e-15,0.11062614088934365
T011,Heart.Rate,P4,-0.0952192647767257,1.8089933167645596e-15,-0.0952192647767275
T013,Heart.Rate,P4,-0.29165804621080754,8.646816361101748e-16,-0.29165804621080843
T014,Heart.Rate,P4,0.21619289927382995,-9.720146864023258e-17,0.21619289927383006
T015,Heart.Rate,P4,-0.4818577618542631,-1.545772057362718e-15,-0.48185776185426155
T016,Heart.Rate,P4,-0.26574862207465655,7.124425826471593e-16,-0.26574862207465727
T017,Heart.Rate,P4,-0.4940821776890554,5.164106020329126e-16,-0.4940821776890559
T018,Heart.Rate,P4,0.05878770754088191,-1.0996494720096789e-15,0.05878770754088301
T019,Heart.Rate,P4,0.6889129854726709,-2.3054365063952552e-15,0.6889129854726732
T020,Heart.Rate,P4,0.23061870911588248,7.812249974325709e-16,0.2306187091158817
T021,Heart.Rate,P4,0.09118163011208366,3.729883127349607e-16,0.09118163011208329
T022,Heart.Rate,P4,0.2285780834413217,-1.4337899393371115e-15,0.22857808344132313
T023,Heart.Rate,P4,0.040293806374293833,1.475817786791955e-15,0.040293806374292356
T024,Heart.Rate,P4,-0.0922881909896106,-1.554019685588625e-15,-0.09228819098960904
T025,Heart.Rate,P4,1.1194001314941073,-4.404639918104703e-15,1.1194001314941118
T027,Heart.Rate,P4,0.1595004983865993,-4.38278696823987e-15,0.15950049838660368
T029,Heart.Rate,P4,-0.7898937100152672,2.660919878830226e-15,-0.7898937100152699
T031,Heart.Rate,P4,0.2823915680984203,-5.856594670507493e-16,0.2823915680984209
T033,Heart.Rate,P4,0.6991409749123071,-2.869499509800405e-16,0.6991409749123074
T034,Heart.Rate,P4,0.02419862379775498,5.041958965971802e-16,0.024198623797754476
T035,Heart.Rate,P4,-0.33478067794085486,-7.114851001311349e-15,-0.33478067794084776
T036,Heart.Rate,P4,-0.6503388712739196,6.020002639302517e-16,-0.6503388712739202
T038,Heart.Rate,P4,-0.625445676427411,-6.815757657171225e-16,-0.6254456764274103
T039,Heart.Rate,P4,-0.17716403857368873,-4.1715734809141365e-16,-0.17716403857368831
T040,Heart.Rate,P4,-0.11464765041982589,-5.220979918329094e-16,-0.11464765041982536
T042,Heart.Rate,P4,-0.053788571420175596,-1.411797331183467e-15,-0.05378857142017419
T043,Heart.Rate,P4,1.0643074588605264,-1.902390189451406e-16,1.0643074588605266
T044,Heart.Rate,P4,0.6052697708999785,-1.1873298978758854e-15,0.6052697708999797
T045,Heart.Rate,P4,0.40272502994706855,-4.280377926265664e-17,0.4027250299470686
T047,Heart.Rate,P4,-0.05946042980520226,2.9059603158268437e-15,-0.05946042980520517
T050,Heart.Rate,P4,0.31007240011338144,1.6304500846646366e-15,0.31007240011337983
T051,Heart.Rate,P4,0.6482765316906357,1.0200429458151132e-15,0.6482765316906347
T054,Heart.Rate,P4,0.22618031461359522,-6.789217239592581e-16,0.2261803146135959
T060,Heart.Rate,P4,0.4063561847542552,1.17227589401498e-15,0.40635618475425406
T061,Heart.Rate,P4,-0.3568432138444435,5.12102872619892e-16,-0.356843213844444
T066,Heart.Rate,P4,-0.060500104163285114,3.793662514159265e-16,-0.060500104163285495
T068,Heart.Rate,P4,0.06737859792296685,-1.640179568918119e-15,0.06737859792296849
T073,Heart.Rate,P4,0.6853364921806798,-3.147974145772596e-16,0.6853364921806802
T076,Heart.Rate,P4,-0.6364488016066296,-9.30472630162036e-16,-0.6364488016066288
T077,Heart.Rate,P4,-0.21640643382237015,-2.5104349023700702e-15,-0.21640643382236766
T079,Heart.Rate,P4,-0.04293894256583269,1.1444983663249935e-15,-0.04293894256583383
T080,Heart.Rate,P4,-0.1009755650363024,-1.1703056824284003e-15,-0.10097556503630123
T081,Heart.Rate,P4,0.3249541700096864,-1.2111523905001707e-15,0.3249541700096876
T082,Heart.Rate,P4,0.05672545854689607,-9.286918213004818e-16,0.056725458546897
T083,Heart.Rate,P4,-0.3167861364327938,-5.531907112319119e-16,-0.31678613643279324
T084,Heart.Rate,P4,0.24488468849850403,9.966358504885894e-16,0.24488468849850303
T086,Heart.Rate,P4,0.2674528438748445,-9.422173563121453e-16,0.26745284387484547
T001,Heart.Rate,P5,-0.8009580589625356,3.3306690738754696e-16,-0.8009580589625359
T002,Heart.Rate,P5,-0.9005109681032606,-6.86828148231583e-16,-0.9005109681032599
T003,Heart.Rate,P5,-0.5873166510841386,-1.3334455850139812e-15,-0.5873166510841372
T004,Heart.Rate,P5,-0.5341593198183556,1.933971235222335e-15,-0.5341593198183575
T005,Heart.Rate,P5,-0.8497909624615476,-1.578983857244667e-15,-0.8497909624615461
T006,Heart.Rate,P5,-0.6516127846992884,6.047172219234895e-16,-0.651612784699289
T007,Heart.Rate,P5,-0.3498308930030138,2.547400333070782e-16,-0.34983089300301407
T008,Heart.Rate,P5,-0.3782569963090274,1.543797587445343e-15,-0.378256996309029
T009,Heart.Rate,P5,0.17242151905738648,5.539428564971834e-16,0.17242151905738592
T010,Heart.Rate,P5,0.41577368959740163,-1.9067729111536865e-15,0.4157736895974035
T011,Heart.Rate,P5,-0.2674523618697236,1.8089933167645596e-15,-0.26745236186972543
T013,Heart.Rate,P5,-0.36748436207437724,8.646816361101748e-16,-0.3674843620743781
T014,Heart.Rate,P5,-0.4280368001729064,-9.720146864023258e-17,-0.4280368001729063
T016,Heart.Rate,P5,0.49676529233149214,7.124425826471593e-16,0.4967652923314914
T017,Heart.Rate,P5,0.2770480674248344,5.164106020329126e-16,0.2770480674248339
T018,Heart.Rate,P5,-0.3951217216374455,-1.0996494720096789e-15,-0.3951217216374444
T019,Heart.Rate,P5,-0.14189124605138242,-2.3054365063952552e-15,-0.14189124605138012
T020,Heart.Rate,P5,0.9122987859237892,7.812249974325709e-16,0.9122987859237884
T021,Heart.Rate,P5,-0.265654267789207,3.729883127349607e-16,-0.26565426778920737
T022,Heart.Rate,P5,-0.17269921257156307,-1.4337899393371115e-15,-0.17269921257156162
T023,Heart.Rate,P5,0.019422264508827683,1.475817786791955e-15,0.01942226450882621
T024,Heart.Rate,P5,0.9388255329993508,-1.554019685588625e-15,0.9388255329993523
T025,Heart.Rate,P5,-0.18375278163828906,-4.404639918104703e-15,-0.18375278163828465
T029,Heart.Rate,P5,0.6318393633020797,2.660919878830226e-15,0.631839363302077
T031,Heart.Rate,P5,-0.3824346427619648,-5.856594670507493e-16,-0.3824346427619642
T033,Heart.Rate,P5,-1.2747214330313057,-2.869499509800405e-16,-1.2747214330313055
T034,Heart.Rate,P5,-0.8899675955230325,5.041958965971802e-16,-0.8899675955230331
T035,Heart.Rate,P5,-1.1328454961268035,-7.114851001311349e-15,-1.1328454961267964
T036,Heart.Rate,P5,0.09987116025752528,6.020002639302517e-16,0.09987116025752468
T038,Heart.Rate,P5,-0.1551313838943238,-6.815757657171225e-16,-0.1551313838943231
T039,Heart.Rate,P5,-0.16842158211619646,-4.1715734809141365e-16,-0.16842158211619604
T040,Heart.Rate,P5,0.47934440050558424,-5.220979918329094e-16,0.47934440050558474
T042,Heart.Rate,P5,-0.6284024016784315,-1.411797331183467e-15,-0.6284024016784301
T043,Heart.Rate,P5,1.1995755180374594,-1.902390189451406e-16,1.1995755180374597
T044,Heart.Rate,P5,-0.15869815110670146,-1.1873298978758854e-15,-0.15869815110670027
T045,Heart.Rate,P5,1.3018793750567472,-4.280377926265664e-17,1.3018793750567472
T047,Heart.Rate,P5,-0.6610643351748191,2.9059603158268437e-15,-0.661064335174822
T050,Heart.Rate,P5,-0.6720728696121371,1.6304500846646366e-15,-0.6720728696121387
T051,Heart.Rate,P5,-0.24269042625147672,1.0200429458151132e-15,-0.24269042625147774
T054,Heart.Rate,P5,-0.3055224802688586,-6.789217239592581e-16,-0.3055224802688579
T060,Heart.Rate,P5,-0.6393631365365455,1.17227589401498e-15,-0.6393631365365468
T061,Heart.Rate,P5,-0.39009355868763573,5.12102872619892e-16,-0.39009355868763623
T068,Heart.Rate,P5,-0.14715945884342868,-1.640179568918119e-15,-0.14715945884342704
T073,Heart.Rate,P5,-0.4483993215961182,-3.147974145772596e-16,-0.4483993215961179
T076,Heart.Rate,P5,-0.67488816519259,-9.30472630162036e-16,-0.6748881651925891
T077,Heart.Rate,P5,-0.6529211934212973,-2.5104349023700702e-15,-0.6529211934212947
T079,Heart.Rate,P5,-0.4318760169472753,1.1444983663249935e-15,-0.43187601694727645
T080,Heart.Rate,P5,0.30143281449567516,-1.1703056824284003e-15,0.3014328144956763
T081,Heart.Rate,P5,0.06794824154253558,-1.2111523905001707e-15,0.06794824154253679
T082,Heart.Rate,P5,0.6098532196504011,-9.286918213004818e-16,0.609853219650402
T083,Heart.Rate,P5,0.6862985174951355,-5.531907112319119e-16,0.686298517495136
T084,Heart.Rate,P5,-0.806271285716772,9.966358504885894e-16,-0.806271285716773
T086,Heart.Rate,P5,-1.0322534088413895,-9.422173563121453e-16,-1.0322534088413886
T001,Perinasal.Perspiration,P1,-0.09189502497447329,1.6654759666224005e-15,-0.09189502497447495
T002,Perinasal.Perspiration,P1,0.5047591011945487,-3.937516419829271e-15,0.5047591011945526
T003,Perinasal.Perspiration,P1,-0.3746743828984043,1.7716450175450773e-15,-0.3746743828984061
T004,Perinasal.Perspiration,P1,-0.8195788419964531,2.249200026866504e-15,-0.8195788419964554
T005,Perinasal.Perspiration,P1,-0.43357284864402684,-9.9351793264833e-16,-0.43357284864402584
T006,Perinasal.Perspiration,P1,-1.187817426689137,-1.7007671866598144e-15,-1.1878174266891353
T008,Perinasal.Perspiration,P1,0.8179491413676051,-2.177150443833176e-16,0.8179491413676053
T009,Perinasal.Perspiration,P1,0.9746977460759069,-7.606332158267391e-16,0.9746977460759076
T010,Perinasal.Perspiration,P1,-0.5219115155052451,-7.914906423656812e-16,-0.5219115155052443
T011,Perinasal.Perspiration,P1,-0.2806198148851994,4.196118518268308e-16,-0.2806198148851998
T012,Perinasal.Perspiration,P1,0.11158586422590619,1.1564937252815442e-15,0.11158586422590504
T013,Perinasal.Perspiration,P1,-1.5068116244555425,-1.3158198810372225e-16,-1.5068116244555423
T016,Perinasal.Perspiration,P1,-0.6754950234721062,-2.365443166422869e-16,-0.675495023472106
T017,Perinasal.Perspiration,P1,0.21182206962496208,-3.3251024960361233e-15,0.21182206962496541
T018,Perinasal.Perspiration,P1,0.8665004123796352,3.0010500640799264e-15,0.8665004123796322
T020,Perinasal.Perspiration,P1,-0.40217230815462707,1.0974351154409924e-15,-0.4021723081546282
T022,Perinasal.Perspiration,P1,0.6996768689895575,-2.6134905223360006e-15,0.6996768689895602
T023,Perinasal.Perspiration,P1,0.41199263592955326,-1.3067452611680003e-15,0.4119926359295546
T024,Perinasal.Perspiration,P1,-0.020065723571855567,-1.5352965568465934e-15,-0.02006572357185403
T025,Perinasal.Perspiration,P1,-0.6631547159572325,-2.356391725735026e-15,-0.6631547159572302
T027,Perinasal.Perspiration,P1,0.6976714717559787,-5.852016690547554e-16,0.6976714717559792
T029,Perinasal.Perspiration,P1,0.7135269888161551,-2.0631770074987984e-15,0.7135269888161572
T031,Perinasal.Perspiration,P1,0.01295318269466487,-4.340770167552612e-15,0.01295318269466921
T033,Perinasal.Perspiration,P1,-0.7324704321217101,2.1999496241803103e-15,-0.7324704321217124
T034,Perinasal.Perspiration,P1,0.953188454754237,1.0924244426272236e-15,0.9531884547542359
T035,Perinasal.Perspiration,P1,0.2864237882958165,2.888346797221097e-15,0.2864237882958136
T036,Perinasal.Perspiration,P1,-1.1909772287693396,-4.241365495872228e-16,-1.1909772287693392
T038,Perinasal.Perspiration,P1,0.13932817779380396,-9.201272837181153e-16,0.13932817779380488
T039,Perinasal.Perspiration,P1,-0.347098119685297,-1.9436781933050483e-15,-0.3470981196852951
T040,Perinasal.Perspiration,P1,-0.8448402827521388,-9.789337346867052e-17,-0.8448402827521387
T041,Perinasal.Perspiration,P1,0.6750349565763963,1.3567278675468253e-15,0.675034956576395
T043,Perinasal.Perspiration,P1,-0.5808095987114819,2.3114040801834584e-15,-0.5808095987114842
T044,Perinasal.Perspiration,P1,-0.7820422919035388,1.2244339571845069e-15,-0.78204229190354
T045,Perinasal.Perspiration,P1,1.3846521631639914,-2.073605306502033e-15,1.3846521631639934
T047,Perinasal.Perspiration,P1,0.3989979598192862,-1.4175416174765092e-15,0.39899795981928765
T050,Perinasal.Perspiration,P1,-0.46098941383104464,-1.2969489309832336e-16,-0.4609894138310445
T054,Perinasal.Perspiration,P1,1.0192999028721998,1.0416333299100944e-15,1.0192999028721987
T060,Perinasal.Perspiration,P1,-0.4288270266697874,1.6746798485928287e-16,-0.42882702666978756
T061,Perinasal.Perspiration,P1,0.4710116510425825,5.377080162508867e-16,0.47101165104258197
T064,Perinasal.Perspiration,P1,0.539723285656336,-1.3425584668550912e-15,0.5397232856563373
T066,Perinasal.Perspiration,P1,0.4252269181955778,2.2556912246352386e-16,0.42522691819557756
T068,Perinasal.Perspiration,P1,-0.19623425437553485,1.452557551809404e-15,-0.1962342543755363
T073,Perinasal.Perspiration,P1,0.8320405320100361,-4.946816514785507e-16,0.8320405320100366
T076,Perinasal.Perspiration,P1,-0.3933106759543662,7.733798484463675e-16,-0.393310675954367
T077,Perinasal.Perspiration,P1,0.4334231971397425,-1.3000466458702149e-15,0.43342319713974375
T079,Perinasal.Perspiration,P1,-0.2882088485146534,-4.828352482933567e-16,-0.2882088485146529
T080,Perinasal.Perspiration,P1,-0.43745528850839566,-2.0898315757650005e-16,-0.43745528850839543
T081,Perinasal.Perspiration,P1,-0.38341854618651156,9.95836409966807e-16,-0.38341854618651255
T082,Perinasal.Perspiration,P1,-1.0179902888199022,-3.739698609263685e-16,-1.0179902888199017
T083,Perinasal.Perspiration,P1,-0.0059502804644202085,2.0898315757650005e-16,-0.0059502804644204176
T084,Perinasal.Perspiration,P1,-1.3877539492631419,-4.6900510611227736e-17,-1.3877539492631419
T086,Perinasal.Perspiration,P1,-0.258626963614936,-2.882076619307739e-16,-0.2586269636149357
T088,Perinasal.Perspiration,P1,-0.6487617870654916,-8.522251703269567e-16,-0.6487617870654907
T001,Perinasal.Perspiration,P2,-0.6549113606435505,1.6654759666224005e-15,-0.6549113606435522
T002,Perinasal.Perspiration,P2,0.1852543569889603,-3.937516419829271e-15,0.18525435698896425
T003,Perinasal.Perspiration,P2,0.9791927228155192,1.7716450175450773e-15,0.9791927228155174
T004,Perinasal.Perspiration,P2,0.3613665708000989,2.249200026866504e-15,0.3613665708000966
T005,Perinasal.Perspiration,P2,-0.8081508094256533,-9.9351793264833e-16,-0.8081508094256523
T006,Perinasal.Perspiration,P2,0.371313483833939,-1.7007671866598144e-15,0.3713134838339407
T008,Perinasal.Perspiration,P2,-1.1535562655539677,-2.177150443833176e-16,-1.1535562655539675
T009,Perinasal.Perspiration,P2,0.1998222021668213,-7.606332158267391e-16,0.19982220216682206
T010,Perinasal.Perspiration,P2,-0.22433112356701984,-7.914906423656812e-16,-0.22433112356701904
T011,Perinasal.Perspiration,P2,0.6533850077253872,4.196118518268308e-16,0.6533850077253868
T012,Perinasal.Perspiration,P2,-0.0020664492455055705,1.1564937252815442e-15,-0.002066449245506727
T013,Perinasal.Perspiration,P2,0.9148893773372401,-1.3158198810372225e-16,0.9148893773372402
T014,Perinasal.Perspiration,P2,1.0976676955787759,1.0108952738584189e-15,1.0976676955787747
T016,Perinasal.Perspiration,P2,0.43584598087982807,-2.365443166422869e-16,0.4358459808798283
T017,Perinasal.Perspiration,P2,0.44071197545480567,-3.3251024960361233e-15,0.440711975454809
T018,Perinasal.Perspiration,P2,-0.8400918955984894,3.0010500640799264e-15,-0.8400918955984924
T020,Perinasal.Perspiration,P2,-0.26148786520392703,1.0974351154409924e-15,-0.26148786520392814
T022,Perinasal.Perspiration,P2,0.2941248675954918,-2.6134905223360006e-15,0.2941248675954944
T023,Perinasal.Perspiration,P2,-0.60245530676479,-1.3067452611680003e-15,-0.6024553067647886
T024,Perinasal.Perspiration,P2,-1.0506085689780105,-1.5352965568465934e-15,-1.050608568978009
T025,Perinasal.Perspiration,P2,1.0833162813185813,-2.356391725735026e-15,1.0833162813185837
T027,Perinasal.Perspiration,P2,-0.011767712273218614,-5.852016690547554e-16,-0.01176771227321803
T029,Perinasal.Perspiration,P2,0.8320106569643678,-2.0631770074987984e-15,0.8320106569643699
T031,Perinasal.Perspiration,P2,0.9055130123544325,-4.340770167552612e-15,0.9055130123544368
T033,Perinasal.Perspiration,P2,0.7959962612559042,2.1999496241803103e-15,0.795996261255902
T034,Perinasal.Perspiration,P2,1.3003568796531795,1.0924244426272236e-15,1.3003568796531784
T035,Perinasal.Perspiration,P2,-0.1087447322592851,2.888346797221097e-15,-0.10874473225928799
T036,Perinasal.Perspiration,P2,0.8392004326943293,-4.241365495872228e-16,0.8392004326943298
T038,Perinasal.Perspiration,P2,0.5268296476673446,-9.201272837181153e-16,0.5268296476673455
T039,Perinasal.Perspiration,P2,1.3496416329878345,-1.9436781933050483e-15,1.3496416329878365
T040,Perinasal.Perspiration,P2,0.5962547772049692,-9.789337346867052e-17,0.5962547772049693
T041,Perinasal.Perspiration,P2,0.5086764914022774,1.3567278675468253e-15,0.5086764914022761
T043,Perinasal.Perspiration,P2,-0.5372645862968005,2.3114040801834584e-15,-0.5372645862968028
T044,Perinasal.Perspiration,P2,-0.4810716889350178,1.2244339571845069e-15,-0.481071688935019
T045,Perinasal.Perspiration,P2,0.2501382399780962,-2.073605306502033e-15,0.25013823997809825
T047,Perinasal.Perspiration,P2,-0.7732932945946955,-1.4175416174765092e-15,-0.7732932945946941
T050,Perinasal.Perspiration,P2,1.2625405023743541,-1.2969489309832336e-16,1.2625405023743543
T054,Perinasal.Perspiration,P2,-0.588292937916933,1.0416333299100944e-15,-0.588292937916934
T060,Perinasal.Perspiration,P2,-1.0474190590709207,1.6746798485928287e-16,-1.047419059070921
T061,Perinasal.Perspiration,P2,1.111523007340955,5.377080162508867e-16,1.1115230073409545
T064,Perinasal.Perspiration,P2,-0.7680161301375067,-1.3425584668550912e-15,-0.7680161301375054
T066,Perinasal.Perspiration,P2,-0.3116880816967333,2.2556912246352386e-16,-0.3116880816967335
T068,Perinasal.Perspiration,P2,-0.04746031941741532,1.452557551809404e-15,-0.04746031941741677
T073,Perinasal.Perspiration,P2,0.3161818801409265,-4.946816514785507e-16,0.316181880140927
T076,Perinasal.Perspiration,P2,-0.7887315602369515,7.733798484463675e-16,-0.7887315602369522
T077,Perinasal.Perspiration,P2,0.10207118838494937,-1.3000466458702149e-15,0.10207118838495068
T079,Perinasal.Perspiration,P2,-0.12470710487667579,-4.828352482933567e-16,-0.1247071048766753
T080,Perinasal.Perspiration,P2,0.8728845547485288,-2.0898315757650005e-16,0.872884554748529
T081,Perinasal.Perspiration,P2,0.46103107566008916,9.95836409966807e-16,0.46103107566008816
T082,Perinasal.Perspiration,P2,-0.8417497682767864,-3.739698609263685e-16,-0.841749768276786
T083,Perinasal.Perspiration,P2,-0.5038325369736992,2.0898315757650005e-16,-0.5038325369736995
T084,Perinasal.Perspiration,P2,-0.20623533458050303,-4.6900510611227736e-17,-0.20623533458050297
T086,Perinasal.Perspiration,P2,0.13589519614470458,-2.882076619307739e-16,0.13589519614470486
T088,Perinasal.Perspiration,P2,0.17036576169124204,-8.522251703269567e-16,0.1703657616912429
T001,Perinasal.Perspiration,P3,-0.04930055699015812,1.6654759666224005e-15,-0.04930055699015978
T002,Perinasal.Perspiration,P3,-0.1426227009671001,-3.937516419829271e-15,-0.14262270096709617
T003,Perinasal.Perspiration,P3,0.17002740129372929,1.7716450175450773e-15,0.1700274012937275
T004,Perinasal.Perspiration,P3,-0.2721153862331527,2.249200026866504e-15,-0.27211538623315495
T005,Perinasal.Perspiration,P3,-0.4825922649616764,-9.9351793264833e-16,-0.4825922649616754
T006,Perinasal.Perspiration,P3,-0.4078350130700769,-1.7007671866598144e-15,-0.4078350130700752
T008,Perinasal.Perspiration,P3,0.07723586191014188,-2.177150443833176e-16,0.0772358619101421
T009,Perinasal.Perspiration,P3,-0.12824516711514597,-7.606332158267391e-16,-0.12824516711514522
T010,Perinasal.Perspiration,P3,0.11076852398796175,-7.914906423656812e-16,0.11076852398796254
T011,Perinasal.Perspiration,P3,-0.08181211203045763,4.196118518268308e-16,-0.08181211203045805
T012,Perinasal.Perspiration,P3,-0.290745486569546,1.1564937252815442e-15,-0.2907454865695472
T013,Perinasal.Perspiration,P3,-0.028254733207479107,-1.3158198810372225e-16,-0.028254733207478976
T014,Perinasal.Perspiration,P3,-0.26601578764404393,1.0108952738584189e-15,-0.26601578764404493
T016,Perinasal.Perspiration,P3,-0.6297824492003181,-2.365443166422869e-16,-0.6297824492003179
T017,Perinasal.Perspiration,P3,0.4445535528462021,-3.3251024960361233e-15,0.44455355284620546
T018,Perinasal.Perspiration,P3,-0.3572675874254468,3.0010500640799264e-15,-0.3572675874254498
T020,Perinasal.Perspiration,P3,-0.6187106035262646,1.0974351154409924e-15,-0.6187106035262657
T022,Perinasal.Perspiration,P3,-0.07911023900526204,-2.6134905223360006e-15,-0.07911023900525943
T023,Perinasal.Perspiration,P3,-0.5153741542619981,-1.3067452611680003e-15,-0.5153741542619967
T024,Perinasal.Perspiration,P3,-0.09090337570667031,-1.5352965568465934e-15,-0.09090337570666877
T025,Perinasal.Perspiration,P3,-0.6109449812991191,-2.356391725735026e-15,-0.6109449812991168
T027,Perinasal.Perspiration,P3,-0.7096102381409622,-5.852016690547554e-16,-0.7096102381409617
T029,Perinasal.Perspiration,P3,-0.12341118678083049,-2.0631770074987984e-15,-0.12341118678082842
T031,Perinasal.Perspiration,P3,-0.7264378646168133,-4.340770167552612e-15,-0.7264378646168089
T033,Perinasal.Perspiration,P3,-0.5985325460433604,2.1999496241803103e-15,-0.5985325460433626
T034,Perinasal.Perspiration,P3,-0.3324816849521312,1.0924244426272236e-15,-0.3324816849521323
T035,Perinasal.Perspiration,P3,-0.10284898783453526,2.888346797221097e-15,-0.10284898783453815
T036,Perinasal.Perspiration,P3,-0.33067273694638205,-4.241365495872228e-16,-0.3306727369463816
T038,Perinasal.Perspiration,P3,-0.42113541821639006,-9.201272837181153e-16,-0.4211354182163891
T039,Perinasal.Perspiration,P3,-0.6018537257283061,-1.9436781933050483e-15,-0.6018537257283041
T040,Perinasal.Perspiration,P3,-0.7252802233590504,-9.789337346867052e-17,-0.7252802233590503
T041,Perinasal.Perspiration,P3,-0.3265407854844071,1.3567278675468253e-15,-0.32654078548440846
T043,Perinasal.Perspiration,P3,-0.5472406018252708,2.3114040801834584e-15,-0.5472406018252731
T044,Perinasal.Perspiration,P3,0.025883606753734186,1.2244339571845069e-15,0.02588360675373296
T045,Perinasal.Perspiration,P3,-0.09590501914329848,-2.073605306502033e-15,-0.09590501914329641
T047,Perinasal.Perspiration,P3,0.13725320438552294,-1.4175416174765092e-15,0.13725320438552435
T050,Perinasal.Perspiration,P3,-0.14620162541481768,-1.2969489309832336e-16,-0.14620162541481754
T054,Perinasal.Perspiration,P3,-0.3604128456072668,1.0416333299100944e-15,-0.36041284560726783
T060,Perinasal.Perspiration,P3,0.33836450227843956,1.6746798485928287e-16,0.3383645022784394
T061,Perinasal.Perspiration,P3,-0.7346229462402277,5.377080162508867e-16,-0.7346229462402283
T064,Perinasal.Perspiration,P3,0.09975785078135785,-1.3425584668550912e-15,0.0997578507813592
T066,Perinasal.Perspiration,P3,-0.4409382987637549,2.2556912246352386e-16,-0.4409382987637551
T068,Perinasal.Perspiration,P3,0.33488518908972964,1.452557551809404e-15,0.3348851890897282
T073,Perinasal.Perspiration,P3,-0.1627085241004925,-4.946816514785507e-16,-0.162708524100492
T076,Perinasal.Perspiration,P3,0.08128059586787892,7.733798484463675e-16,0.08128059586787814
T077,Perinasal.Perspiration,P3,-0.4775102593708431,-1.3000466458702149e-15,-0.47751025937084185
T079,Perinasal.Perspiration,P3,-0.57242047435942,-4.828352482933567e-16,-0.5724204743594196
T080,Perinasal.Perspiration,P3,-0.7231514240846985,-2.0898315757650005e-16,-0.7231514240846982
T081,Perinasal.Perspiration,P3,-0.1896140155350798,9.95836409966807e-16,-0.1896140155350808
T082,Perinasal.Perspiration,P3,0.7030624433520603,-3.739698609263685e-16,0.7030624433520606
T083,Perinasal.Perspiration,P3,-0.3821515364097409,2.0898315757650005e-16,-0.38215153640974114
T084,Perinasal.Perspiration,P3,-0.6230309562421757,-4.6900510611227736e-17,-0.6230309562421757
T086,Perinasal.Perspiration,P3,-0.5379978343952724,-2.882076619307739e-16,-0.537997834395272
T088,Perinasal.Perspiration,P3,-0.10506757808156135,-8.522251703269567e-16,-0.1050675780815605
T001,Perinasal.Perspiration,P4,1.115241244140822,1.6654759666224005e-15,1.1152412441408202
T002,Perinasal.Perspiration,P4,0.06095393770123323,-3.937516419829271e-15,0.060953937701237165
T003,Perinasal.Perspiration,P4,-0.5893102471305623,1.7716450175450773e-15,-0.5893102471305641
T004,Perinasal.Perspiration,P4,0.6823856091545744,2.249200026866504e-15,0.6823856091545721
T005,Perinasal.Perspiration,P4,1.5047853810171359,-9.9351793264833e-16,1.5047853810171368
T006,Perinasal.Perspiration,P4,0.9730265488429649,-1.7007671866598144e-15,0.9730265488429666
T008,Perinasal.Perspiration,P4,0.3569740966018146,-2.177150443833176e-16,0.35697409660181484
T009,Perinasal.Perspiration,P4,-0.7757674933928366,-7.606332158267391e-16,-0.7757674933928358
T010,Perinasal.Perspiration,P4,0.525327219272116,-7.914906423656812e-16,0.5253272192721168
T011,Perinasal.Perspiration,P4,-0.01382564133395985,4.196118518268308e-16,-0.01382564133396027
T012,Perinasal.Perspiration,P4,0.7727156913101811,1.1564937252815442e-15,0.77271569131018
T013,Perinasal.Perspiration,P4,0.5258152394682328,-1.3158198810372225e-16,0.5258152394682329
T014,Perinasal.Perspiration,P4,0.07258440841322766,1.0108952738584189e-15,0.07258440841322665
T016,Perinasal.Perspiration,P4,0.6764152062274246,-2.365443166422869e-16,0.6764152062274248
T017,Perinasal.Perspiration,P4,-0.5391882899271345,-3.3251024960361233e-15,-0.5391882899271312
T018,Perinasal.Perspiration,P4,1.3045898807176188,3.0010500640799264e-15,1.3045898807176157
T020,Perinasal.Perspiration,P4,0.6084111320264207,1.0974351154409924e-15,0.6084111320264196
T022,Perinasal.Perspiration,P4,0.11258338255163407,-2.6134905223360006e-15,0.11258338255163668
T023,Perinasal.Perspiration,P4,0.3989641749334707,-1.3067452611680003e-15,0.398964174933472
T024,Perinasal.Perspiration,P4,0.05079857471634705,-1.5352965568465934e-15,0.050798574716348584
T025,Perinasal.Perspiration,P4,0.6517107706356428,-2.356391725735026e-15,0.6517107706356451
T027,Perinasal.Perspiration,P4,1.1025822672360532,-5.852016690547554e-16,1.102582267236054
T029,Perinasal.Perspiration,P4,-0.7121839153051777,-2.0631770074987984e-15,-0.7121839153051756
T031,Perinasal.Perspiration,P4,0.34284435269147173,-4.340770167552612e-15,0.34284435269147606
T033,Perinasal.Perspiration,P4,0.7650096226693375,2.1999496241803103e-15,0.7650096226693353
T034,Perinasal.Perspiration,P4,-0.2689976970730134,1.0924244426272236e-15,-0.2689976970730145
T035,Perinasal.Perspiration,P4,0.1265446883237224,2.888346797221097e-15,0.1265446883237195
T036,Perinasal.Perspiration,P4,-0.3018442676862448,-4.241365495872228e-16,-0.30184426768624434
T038,Perinasal.Perspiration,P4,0.16831038508222632,-9.201272837181153e-16,0.16831038508222723
T039,Perinasal.Perspiration,P4,0.1819723211678285,-1.9436781933050483e-15,0.18197232116783044
T040,Perinasal.Perspiration,P4,0.05830512274662006,-9.789337346867052e-17,0.058305122746620155
T041,Perinasal.Perspiration,P4,-0.23530815747541078,1.3567278675468253e-15,-0.23530815747541214
T043,Perinasal.Perspiration,P4,0.3717645911585894,2.3114040801834584e-15,0.37176459115858707
T044,Perinasal.Perspiration,P4,0.3593822854183917,1.2244339571845069e-15,0.35938228541839046
T045,Perinasal.Perspiration,P4,-0.31520327006406246,-2.073605306502033e-15,-0.3152032700640604
T047,Perinasal.Perspiration,P4,0.08833919788529679,-1.4175416174765092e-15,0.0883391978852982
T050,Perinasal.Perspiration,P4,-0.8201641832310193,-1.2969489309832336e-16,-0.8201641832310191
T054,Perinasal.Perspiration,P4,-0.10816257682727913,1.0416333299100944e-15,-0.10816257682728017
T060,Perinasal.Perspiration,P4,0.8719289166461398,1.6746798485928287e-16,0.8719289166461396
T061,Perinasal.Perspiration,P4,-0.39000703179552404,5.377080162508867e-16,-0.3900070317955246
T064,Perinasal.Perspiration,P4,0.1174709450840942,-1.3425584668550912e-15,0.11747094508409554
T066,Perinasal.Perspiration,P4,0.7833990156200211,2.2556912246352386e-16,0.7833990156200209
T068,Perinasal.Perspiration,P4,-0.03475846537153928,1.452557551809404e-15,-0.03475846537154073
T073,Perinasal.Perspiration,P4,-0.404620205112134,-4.946816514785507e-16,-0.4046202051121335
T076,Perinasal.Perspiration,P4,0.28033840674878807,7.733798484463675e-16,0.2803384067487873
T077,Perinasal.Perspiration,P4,0.10492363410897056,-1.3000466458702149e-15,0.10492363410897186
T079,Perinasal.Perspiration,P4,0.7752615806018173,-4.828352482933567e-16,0.7752615806018177
T080,Perinasal.Perspiration,P4,0.0642914520698642,-2.0898315757650005e-16,0.0642914520698644
T081,Perinasal.Perspiration,P4,-0.12863351296955924,9.95836409966807e-16,-0.12863351296956024
T082,Perinasal.Perspiration,P4,0.5546183718680222,-3.739698609263685e-16,0.5546183718680225
T083,Perinasal.Perspiration,P4,0.5743651815614194,2.0898315757650005e-16,0.5743651815614191
T084,Perinasal.Perspiration,P4,1.234133774473397,-4.6900510611227736e-17,1.234133774473397
T086,Perinasal.Perspiration,P4,0.31620456801531405,-2.882076619307739e-16,0.3162045680153143
T088,Perinasal.Perspiration,P4,0.21299779763527144,-8.522251703269567e-16,0.2129977976352723
T001,Perinasal.Perspiration,P5,-0.3420561560209697,1.6654759666224005e-15,-0.3420561560209714
T002,Perinasal.Perspiration,P5,-0.3710239685871662,-3.937516419829271e-15,-0.37102396858716225
T003,Perinasal.Perspiration,P5,-0.6622591605965473,1.7716450175450773e-15,-0.6622591605965491
T004,Perinasal.Perspiration,P5,-0.1080906821578867,2.249200026866504e-15,-0.10809068215788895
T005,Perinasal.Perspiration,P5,0.1665596352290441,-9.9351793264833e-16,0.1665596352290451
T006,Perinasal.Perspiration,P5,-0.5163809836596304,-1.7007671866598144e-15,-0.5163809836596287
T008,Perinasal.Perspiration,P5,0.42331999661717223,-2.177150443833176e-16,0.42331999661717246
T009,Perinasal.Perspiration,P5,0.3050978042794757,-7.606332158267391e-16,0.30509780427947647
T010,Perinasal.Perspiration,P5,-1.1589220003331484,-7.914906423656812e-16,-1.1589220003331475
T011,Perinasal.Perspiration,P5,-0.4238884634640219,4.196118518268308e-16,-0.42388846346402237
T012,Perinasal.Perspiration,P5,-0.3346242779199191,1.1564937252815442e-15,-0.3346242779199203
T013,Perinasal.Perspiration,P5,-0.9329061687601119,-1.3158198810372225e-16,-0.9329061687601118
T014,Perinasal.Perspiration,P5,-0.673379027386848,1.0108952738584189e-15,-0.673379027386849
T016,Perinasal.Perspiration,P5,0.3298093494569919,-2.365443166422869e-16,0.32980934945699214
T017,Perinasal.Perspiration,P5,-0.8873607445872375,-3.3251024960361233e-15,-0.8873607445872341
T018,Perinasal.Perspiration,P5,-0.4950473463856627,3.0010500640799264e-15,-0.4950473463856657
T020,Perinasal.Perspiration,P5,1.0604069022952316,1.0974351154409924e-15,1.0604069022952305
T022,Perinasal.Perspiration,P5,-0.6983810977076838,-2.6134905223360006e-15,-0.6983810977076811
T023,Perinasal.Perspiration,P5,1.100424614665962,-1.3067452611680003e-15,1.1004246146659633
T024,Perinasal.Perspiration,P5,1.3909379526086596,-1.5352965568465934e-15,1.3909379526086612
T025,Perinasal.Perspiration,P5,0.1700996432367853,-2.356391725735026e-15,0.17009964323678767
T027,Perinasal.Perspiration,P5,0.10957908892141857,-5.852016690547554e-16,0.10957908892141915
T029,Perinasal.Perspiration,P5,0.03145620359424496,-2.0631770074987984e-15,0.03145620359424702
T031,Perinasal.Perspiration,P5,0.0336319483674488,-4.340770167552612e-15,0.033631948367453146
T033,Perinasal.Perspiration,P5,-0.2617551167703622,2.1999496241803103e-15,-0.2617551167703644
T034,Perinasal.Perspiration,P5,-1.1516374041314767,1.0924244426272236e-15,-1.1516374041314779
T035,Perinasal.Perspiration,P5,0.0224084881113821,2.888346797221097e-15,0.02240848811137921
T036,Perinasal.Perspiration,P5,0.46808815490780603,-4.241365495872228e-16,0.4680881549078065
T038,Perinasal.Perspiration,P5,0.28593077408266615,-9.201272837181153e-16,0.2859307740826671
T039,Perinasal.Perspiration,P5,-0.33166681114313773,-1.9436781933050483e-15,-0.3316668111431358
T040,Perinasal.Perspiration,P5,1.109755819281841,-9.789337346867052e-17,1.109755819281841
T041,Perinasal.Perspiration,P5,0.19594768216306455,1.3567278675468253e-15,0.19594768216306319
T043,Perinasal.Perspiration,P5,2.013546006174642,2.3114040801834584e-15,2.0135460061746397
T044,Perinasal.Perspiration,P5,0.7666542619700396,1.2244339571845069e-15,0.7666542619700384
T045,Perinasal.Perspiration,P5,-0.7285839968780123,-2.073605306502033e-15,-0.7285839968780102
T047,Perinasal.Perspiration,P5,0.26671525511972805,-1.4175416174765092e-15,0.2667152551197295
T050,Perinasal.Perspiration,P5,0.36510690250178296,-1.2969489309832336e-16,0.36510690250178307
T054,Perinasal.Perspiration,P5,0.5514699493484627,1.0416333299100944e-15,0.5514699493484617
T060,Perinasal.Perspiration,P5,0.20463567022023127,1.6746798485928287e-16,0.2046356702202311
T061,Perinasal.Perspiration,P5,-0.6623584956185544,5.377080162508867e-16,-0.662358495618555
T064,Perinasal.Perspiration,P5,0.7359473744515672,-1.3425584668550912e-15,0.7359473744515685
T068,Perinasal.Perspiration,P5,-0.5906347026194338,1.452557551809404e-15,-0.5906347026194353
T073,Perinasal.Perspiration,P5,-0.7242435731038752,-4.946816514785507e-16,-0.7242435731038748
T076,Perinasal.Perspiration,P5,1.2806097911109329,7.733798484463675e-16,1.2806097911109322
T077,Perinasal.Perspiration,P5,0.40622250901085494,-1.3000466458702149e-15,0.4062225090108562
T079,Perinasal.Perspiration,P5,0.07895464136950722,-4.828352482933567e-16,0.07895464136950771
T080,Perinasal.Perspiration,P5,-0.13985731578339308,-2.0898315757650005e-16,-0.13985731578339286
T081,Perinasal.Perspiration,P5,-0.08273489816699854,9.95836409966807e-16,-0.08273489816699954
T082,Perinasal.Perspiration,P5,-0.04147226866945718,-3.739698609263685e-16,-0.0414722686694568
T083,Perinasal.Perspiration,P5,1.2236394652015021,2.0898315757650005e-16,1.223639465201502
T084,Perinasal.Perspiration,P5,-0.19247155390131904,-4.6900510611227736e-17,-0.19247155390131898
T086,Perinasal.Perspiration,P5,0.11335529154925442,-2.882076619307739e-16,0.11335529154925471
